director_name,actor_1_name,actor_2_name,actor_3_name,genres,movie_title,comb
Anees Bazmee,Akshay Kumar,Anil Kapoor,Katrina Kaif,Romance Comedy Hindi,welcome,Akshay Kumar Anil Kapoor Katrina Kaif Romance Comedy Hindi welcome
Shantanu Bagchi,Sidharth Malhotra,Rashmika Mandanna,Kumud Mishra,Action Thriller Hindi,mission majnu,Sidharth Malhotra Rashmika Mandanna Kumud Mishra Action Thriller
Tejas Deoskar,Rakul Preet Singh,Sumeet Vyas,Satish Kaushik,Comedy Hindi,chhatriwali,Rakul Preet SinghSumeet VyasSatish Kaushik Comedy Hindi
Siddharth Anand,Shah Rukh Khan, Deepika Padukone,John Abraham,Action Thriller Hindi,pathaan,Shah Rukh Khan Deepika Padukone John Abraham Action Thriller Hindi
Rajkumar Santoshi,Deepak Antani,Chinmay Mandlekar,Pawan Chopra,Drama Political History Hindi,gandhi godse ek yudh,Deepak Antani Chinmay Mandlekar Pawan Chopra Drama Political History Hindi
Rohit Dhawan,Kartik Aaryan,Kriti Sanon,Paresh Rawal,Action Drama Hindi, shezada, Kartik Aaryan Kriti Sanon Paresh Rawal Action Drama Hindi
Raj Mehta,Akshay Kumar,Emraan Hashmi,Diana Penty,Comedy Hindi,selfiee,Akshay Kumar Emraan Hashmi Diana Penty Comedy Hindi
Rahul V. Chittella,Manoj Bajpayee,Sharmila Tagore,Simran,Drama Hindi,gulmohar,Manoj Bajpayee Sharmila Tagore Simran Drama Hindi
Luv Ranjan,Ranbir Kapoor,Shraddha Kapoor,Anubhav Singh Bassi,Romance Comedy Hindi,tu jhoothi main makkaar,Ranbir Kapoor Shraddha Kapoor Anubhav Singh Bassi Romance Comedy Hindi
Ayan Mukerji,Ranbir Kapoor,Alia Bhatt,Amitabh Bachchan,Action Adventure Hindi,brahmāstra: part one – shiva,Ranbir Kapoor Alia Bhatt Amitabh Bachchan Action Adventure Hindi
Om Raut,Prabhas,Saif Ali Khan,Kriti Sanon,Action Drama History Hindi,adipurush,Prabhas Saif Ali Khan Kriti Sanon Action Drama History Hindi
Amar Kaushik,Kriti Sanon,Varun Dhawan,Abhishek Banerjee,Comedy Horror Hindi,bhediya,Kriti Sanon Varun Dhawan Abhishek Banerjee Comedy Horror Hindi
Rohit Shetty,Jacqueline Fernandez,Pooja Hegde,Ranveer Singh,Comedy Hindi,cirkus,Jacqueline Fernandez Pooja Hegde Ranveer Singh Comedy Hindi
Mohit Suri,Disha Patani,John Abraham,Arjun Kapoor,Action Thriller Hindi,ek villain returns,Disha Patani John Abraham Arjun Kapoor Action Thriller Hindi
Mani Ratnam,Aishwarya Rai Bachchan,Amitabh Bachchan,Aditi Rao Hydari,Drama Family Fantasy Indian,ponniyin selvan,Aishwarya Rai Bachchan Amitabh Bachchan Aditi Rao Hydari Drama Family Fantasy Indian
Harshavardhan Kulkarni,Rajkummar Rao,Bhumi Pednekar,Gulshan Devaiah,Comedy Hindi,badhaai do,Rajkummar Rao Bhumi Pednekar Gulshan Devaiah Comedy Hindi
Ranjit Tewari,Huma Qureshi,Akshay Kumar,Vaani Kapoor,Action Thriller Hindi,bellbottom,Huma Qureshi Akshay Kumar Vaani Kapoor Action Thriller Hindi
Anees Bazmee,Tabu,Kiara Advani,Kartik Aaryan,Comedy Horror Hindi,bhool bhulaiyaa 2,Tabu Kiara Advani Kartik Aaryan Comedy Horror Hindi
Kabir Khan,Ranveer Singh,Deepika Padukone,Tahir Raj Bhasin,Biography Drama History Hindi,'83,Ranveer Singh Deepika Padukone Tahir Raj Bhasin Biography Drama History Hindi
Pavan Kripalani,Yami Gautam,Saif Ali Khan,Jacqueline Fernandez,Comedy Hindi,bhoot police,Yami Gautam Saif Ali Khan Jacqueline Fernandez Comedy Hindi
Abhishek Dudhaiya,Sharad Kelkar,Ajay Devgn,Parineeti Chopra,Action Drama History Hindi,bhuj: the pride of india,Sharad Kelkar Ajay Devgn Parineeti Chopra Action Drama History Hindi
Varun V. Sharma,Rani Mukerji,Saif Ali Khan,Pankaj Tripathi,Romance Hindi,bunty aur babli 2,Rani Mukerji Saif Ali Khan Pankaj Tripathi Romance Hindi
Abhishek Kapoor,Ayushmann Khurrana,Vaani Kapoor,Leena Sharma,Romance Hindi,chandigarh kare aashiqui,Ayushmann Khurrana Vaani Kapoor Leena Sharma Romance Hindi
Jasmeet K Reen,Alia Bhatt,Shefali Shah,Vijay Varma,Drama Hindi,darlings,Alia Bhatt Shefali Shah Vijay Varma Drama Hindi
Siddharth Sengupta,Janhvi Kapoor,Sushant Singh,Mita Vashisht,Comedy Crime Drama Hindi,good luck jerry,Janhvi Kapoor Sushant Singh Mita Vashisht Comedy Crime Drama Hindi
Vinil Mathew,Taapsee Pannu,Vikrant Massey,Harshvardhan Rane,Crime Drama Mystery Hindi,haseen dillruba,Taapsee Pannu Vikrant Massey Harshvardhan Rane Crime Drama Mystery Hindi
Ahmed Khan,Tiger Shroff,Tara Sutaria,Sarwan Ali Palijo,Action Hindi,heropanti 2,Tiger Shroff Tara Sutaria Sarwan Ali Palijo Action Hindi
Divyang Thakkar,Ranveer Singh,Boman Irani,Ratna Pathak Shah,Comedy Hindi,jayeshbhai jordaar,Ranveer Singh Boman Irani Ratna Pathak Shah Comedy Hindi
Gowtam Tinnanuri,Shahid Kapoor,Mrunal Thakur,Pankaj Kapur,Drama Hindi Sport,jersey,Shahid Kapoor Mrunal Thakur Pankaj Kapur Drama Hindi Sport
Raj Mehta,Anil Kapoor,Kiara Advani,Varun Dhawan,Comedy Hindi,jug jugg jeeyo,Anil Kapoor Kiara Advani Varun Dhawan Comedy Hindi
Prashanth Neel,Yash,Sanjay Dutt,Raveena Tandon,Action Crime Drama Hindi,k.g.f: chapter 2,Yash Sanjay Dutt Raveena Tandon Action Crime Drama Hindi
Abbas Alibhai Burmawalla,Mastan Alibhai Burmawalla,Tisca Chopra,Bobby Deol,Crime Mystery Thriller Hindi,penthouse,Mastan Alibhai Burmawalla Tisca Chopra Bobby Deol Crime Mystery Thriller Hindi
Gurmmeet Singh,Katrina Kaif,Jackie Shroff,Ishaan Khattar,Comedy Horror Hindi,phone bhoot,Katrina Kaif Jackie Shroff Ishaan Khattar Comedy Horror Hindi																							
Chandra Prakash Dwivedi,Deependra Singh,Nikkita Chadha,Akshay Kumar,Action Drama History Hindi,prithviraj,Deependra Singh Nikkita Chadha Akshay Kumar Action Drama History Hindi												
Sukumar,Allu Arjun,Fahadh Faasil,Rashmika Mandanna,Action Drama Thriller Hindi,pushpa,Allu Arjun Fahadh Faasil Rashmika Mandanna Action Drama Thriller Hindi
Anvita Dutt,Swastika Mukherjee,Tripti Dimri,Babil Khan,Drama Horror Thriller Hindi,qala,Swastika Mukherjee Tripti Dimri Babil Khan Drama Horror Thriller Hindi	
Aanand L. Rai,Akshay Kumar,Sadia,Bhumi Pednekar,Drama Family Hindi,raksha bandhan,Akshay Kumar Sadia Bhumi Pednekar Drama Family Hindi				
Madhavan,Madhavan,Bhawsheel Sahni,Arnaud Humbert,Biography Drama Hindi,rocketry: the nambi effect,Madhavan Bhawsheel Sahni Arnaud Humbert Biography Drama Hindi						
Hardik Mehta,Rajkummar Rao,Varun Sharma,Janhvi Kapoor,Comedy Horror Hindi,roohi,Rajkummar Rao Varun Sharma Janhvi Kapoor Comedy Horror Hindi
S.S. Rajamouli,N.T. Rama Rao Jr.,Ram Charan,Ajay Devgn,Action Drama Hindi,rrr,N.T. Rama Rao Jr. Ram Charan Ajay Devgn Action Drama Hindi
Aditya Chopra,Amitabh Bachchan,Shah Rukh Khan,Aishwarya Rai Bachchan,Romantic Drama Hindi,mohabbatein,Amitabh Bachchan Shah Rukh Khan Aishwarya Rai Bachchan Romantic Drama Hindi
Rakesh Roshan,Hrithik Roshan,Ameesha Patel,Anupam Kher,Romantic Thriller Hindi,kaho naa pyaar hai,Hrithik Roshan Ameesha Patel Anupam Kher Romantic Thriller Hindi
Vidhu Vinod Chopra,Sanjay Dutt,Hrithik Roshan,Preity Zinta,Action Thriller Hindi,mission kashmir,Sanjay Dutt Hrithik Roshan Preity Zinta Action hriller Hindi
David Dhawan,Salman Khan,Karisma Kapoor,Johnny Lever,Romantic Comedy Hindi,dulhan hum le jayenge,Salman Khan Karisma Kapoor Johnny Lever Romantic Comedy Hindi
Raj Kanwar,Bobby Deol,Rani Mukerji,Amrish Puri,Action Drama Hindi,badal,Bobby Deol Rani Mukerji Amrish Puri Action Drama Hindi
Padam Kumar,Sunny Deol,Manisha Koirala,Rahul Dev,Action Drama Hindi,champion,Sunny Deol Manisha Koirala Rahul Dev Action Drama Hindi
Dharmesh Darshan,Akshay Kumar,Sunil Shetty,Shilpa Shetty,Romance Drama Hindi,dhadkan,Akshay Kumar Sunil Shetty Shilpa Shetty Romance Drama Hindi
Manoj Agrawal,Govinda,Rani Mukerji,Johnny Lever,Comedy Romance Hindi,hadh kar di aapne,Govinda Rani Mukerji Johnny Lever Comedy Romance Hindi
Raj Kanwar,	Salman Khan, Preity Zinta, Rani Mukerji,Comedy Drama Romance Hindi,har dil jo pyar karega,Salman Khan Preity Zinta Rani Mukerji Comedy Drama Romance Hindi
Priyadarshan,Akshay Kumar, Suniel Shetty,Paresh Rawal,Comedy Hindi,hera pheri,Akshay Kumar Suniel Shetty Paresh Rawal Comedy Hindi
Shakeel Noorani,Govinda, Twinkle Khanna,Kadar Khan,Drama Hindi,joru ka ghulam,Govinda Twinkle Khanna Kadar Khan Drama Hindi
Mansoor Khan,Shah Rukh Khan, Chandrachur Singh, Aishwarya Rai,Action Romance Hindi,josh,Shah Rukh Khan Chandrachur Singh Aishwarya Rai Action Romance Hindi
Neeraj Vora,Akshay Kumar, Mahima Chaudhry, Antara Mali,Action Romance Hindi,khiladi 420,Akshay Kumar Mahima Chaudhry Antara Mali Action Romance Hindi
Dharmesh Darshan,Aamir Khan, Twinkle Khanna, Faisal Khan,Drama Hindi,mela,Aamir Khan Twinkle Khanna Faisal Khan Drama Hindi
Aziz Mirza,Shah Rukh Khan, Juhi Chawla, Paresh Rawal,Comedy Drama Romance Musical Hindi,phir bhi dil hai hindustani,Shah Rukh Khan Juhi Chawla Paresh Rawal Comedy Drama Romance Musical Hindi
J. P. Dutta,Abhishek Bachchan, Kareena Kapoor, Sunil Shetty,Drama Romance Hindi,refugee,Abhishek Bachchan Kareena Kapoor Sunil Shetty Drama Romance Hindi
Karan Johar,Amitabh Bachchan,Jaya Bachchan,Shah Rukh Khan,Family Drama Hindi,kabhi khushi kabhie gham,Amitabh Bachchan Jaya Bachchan Shah Rukh Khan Family Drama Hindi
Anil Sharma,Sunny Deol,Ameesha Patel,Amrish Puri,Romantic Period Action Drama Hindi,gadar: ek prem katha,Sunny Deol Ameesha Patel Amrish Puri Romantic Period Action Drama Hindi
Ashutosh Gowariker,Aamir Khan,Gracy Singh,Rachel Shelley,Epic Sports Drama Hindi,lagaan,Aamir Khan Gracy Singh Rachel Shelley Epic Sports Drama Hindi
N. Maharajan,Sunny Deol,Shilpa Shetty,Danny Denzongpa,Action Thriller Hindi,indian,Sunny Deol Shilpa Shetty Danny Denzongpa Action Thriller Hindi
Farhan Akhtar,Aamir Khan,Saif Ali Khan,Akshaye Khanna,Comedy Drama Hindi,dil chahta hai,Aamir Khan Saif Ali Khan Akshaye Khanna Comedy Drama Hindi
Abbas–Mustan,Salman Khan,Rani Mukerji,Preity Zinta,Romantic Drama Hindi,chori chori chupke chupke,Salman Khan Rani Mukerji Preity Zinta Romantic Drama Hindi
Suneel Darshan,Amitabh Bachchan,Akshay Kumar,Rakhee Gulzar,Drama Hindi,ek rishtaa:the bond of love,Amitabh Bachchan Akshay Kumar Rakhee Gulzar Drama Hindi
Subhash Ghai,Jackie Shroff,Hrithik Roshan,Kareena Kapoor,Drama Hindi,yaadein,Jackie Shroff Hrithik Roshan Kareena Kapoor Drama Hindi
David Dhawan,Sanjay Dutt,Govinda,Twinkle Khanna,Comedy Hindi,jodi no.1,Sanjay Dutt Govinda Twinkle Khanna Comedy Hindi
Abbas–Mustan,Akshay Kumar,Bobby Deol,Kareena Kapoor Khan,Mystery Thriller Crime Hindi,ajnabee,Akshay Kumar Bobby Deol Kareena Kapoor Khan Mystery Thriller Crime Hindi
K. Raghavendra Rao,Govinda,Juhi Chawla,Johnny Lever,Family Drama Hindi,aamdani atthanni kharcha rupaiya,Govinda Juhi Chawla Johnny Lever Family Drama Hindi
Indra Kumar,Bobby Deol, Karisma Kapoor,Rahul Dev,Action Comedy Hindi,aashiq,Bobby Deol Karisma Kapoor Rahul Dev Action Comedy Hindi
Rakeysh Omprakash Mehra,Amitabh Bachchan, Raveena Tandon, Manoj Bajpai,Thriller Horror Hindi,aks,Amitabh Bachchan  Raveena Tandon Manoj Bajpai Thriller Horror Hindi
Deepak Sareen,Govinda, Aishwarya Rai, Namrata Shirodkar,Romance Hindi,albela,Govinda  Aishwarya Rai Namrata Shirodkar Romance Hindi
Santosh Sivan,Shah Rukh Khan, Ajith Kumar, Kareena Kapoor,History Hindi,asoka,Shah Rukh Khan Ajith Kumar  Kareena Kapoor History Hindi
Goldie Behl,Abhishek Bachchan, Rani Mukerji, Sushmita Sen,Drama Romance Social Hindi,bas itna sa khwaab hai,Abhishek Bachchan Rani Mukerji  Sushmita Sen Drama Romance Social
Ashu Trikha,Arjun Rampal, Diya Mirza, Vikas Sethi,Drama Romance Hindi,deewaanapan,Arjun Rampal Diya Mirza Vikas Sethi Drama Romance Hindi
C. L. Rawal,Govinda, Tabu, Pooja Batra,Romance Hindi,dil ne phir yaad kiya,Govinda Tabu  Pooja Batra Romance Hindi
Raj Kanwar,	Sunny Deol, Preity Zinta, Om Puri,Action Romance Hindi,farz,Sunny Deol Preity Zinta Om Puri Action Romance Hindi
Shashilal K. Nair,Jackie Shroff, Manisha Koirala, Anupama Verma,Romance Hindi,grahan,Jackie Shroff Manisha Koirala Anupama Verma Romance Hindi
David Dhawan,Govinda, Sushmita Sen, Anupam Kher,Comedy Romance Hindi,kyo kii main jhuth nahin bolta,Govinda Sushmita Sen  Anupam Kher Comedy Romance Hindi
Satish Kaushik,Tusshar Kapoor, Kareena Kapoor, Rinke Khanna,Comedy Hindi,mujhe kucch kehna hai,Tusshar Kapoor  Kareena Kapoor Rinke Khanna Comedy Hindi
S. Shankar,	Anil Kapoor, Rani Mukerji, Paresh Rawal,Political Drama Hindi,nayak,Anil Kapoor Rani Mukerji  Paresh Rawal Political Drama Hindi
Naeem Sha,Sunil Shetty, Raveena Tandon,Kadar khan,Action  Drama Hindi,officer,Sunil Shetty  Raveena Tandon Kadar khan Action  Drama Hindi
Shashilal K. Nair,Shah Rukh Khan, Juhi Chawla, Jackie Shroff,Action Romance Hindi,one 2 ka 4,Shah Rukh Khan  Juhi Chawla  Jackie Shroff Action  Romance Hindi
Rajiv Rai,Suniel Shetty, Arjun Rampal, Aftab Shivdasani,Romance Hindi,pyaar ishq aur mohabbat,Suniel Shetty Arjun Rampal Aftab Shivdasani Romance Hindi
Gautham Vasudev Menon,Saif Ali Khan, Dia Mirza, R. Madhavan,Romance Hindi,rehnaa hai terre dil mein,Saif Ali Khan Dia Mirza R. Madhavan Romance Hindi
N. Chandra,Sahil Khan, Sharman Joshi, Riya Sen,	Romance Hindi,style,Sahil Khan Sharman Joshi Riya Sen Romance Hindi
Mahesh Manjrekar,	Ajay Devgn, Sonali Bendre, Namrata Shirodkar,Drama Hindi,tera mera saath rahen,Ajay Devgn Sonali Bendre Namrata Shirodkar Drama Hindi
Deepak S. Shivdasani,Ajay Devgan, Madhuri Dixit, Preity Zinta,Drama Hindi,yeh raaste hain pyaar ke,Ajay Devgan  Madhuri Dixit  Preity Zinta Drama Hindi
Priyadarshan,Suniel Shetty, Mahima Chaudhry,Paresh Rawal,Drama Hindi,yeh teraa ghar yeh meraa ghar,Suniel Shetty Mahima Chaudhry Paresh Rawal Drama Hindi
Ramesh Sippy,Amitabh Bachchan,Dharam Singh Deol,Amjad Khan,Action Adventure Hindi,sholay,Amitabh Bachchan Dharam Singh Deol Amjad Khan Action Adventure Hindi
Raj Kapoor,Rajiv Kapoor,Mandakini,Divya Rana,Romantic Drama Hindi,ram teri ganga maili,Rajiv Kapoor Mandakini Divya Rana Romantic Drama Hindi
Danny Denzongpa,Rajesh Khanna,Kim,Danny Denzongpa,Horror Hindi,phir wahi raat,Rajesh Khanna Kim Danny Denzongpa Horror Hindi
Sanjay Leela Bhansali,Shah Rukh Khan,Aishwarya Rai,Madhuri Dixit,Romantic Drama Hindi,devdas,Shah Rukh Khan Aishwarya Rai Madhuri Dixit Romantic Drama Hindi
Sanjay Gupta, Amitabh Bachchan, Sanjay Dutt, Kumar Gaurav,Action Thriller Hindi,kaante,Amitabh Bachchan Sanjay Dutt Kumar Gaurav Action Thriller Hindi
Vikram Bhatt,Bipasha Basu, Dino Morea, Malini Sharma,Supernatural Horror Hindi,raaz,Bipasha Basu Dino Morea Malini Sharma Supernatural Horror Hindi
K. S. Adhiyaman, Shah Rukh Khan, Madhuri Dixit,Salman Khan,Romantic Drama Hindi,hum tumhare hain sanam,Shah Rukh Khan Madhuri Dixit Salman Khan Romantic Drama Hindi
Vipul Amrutlal Shah, Amitabh Bachchan, Akshay Kumar, Arjun Rampal,Heist Thriller Hindi,aankhen,Amitabh Bachchan Akshay Kumar Arjun Rampal Heist Thriller Hindi
Kunal Kohli, Rani Mukherji, Hrithik Roshan,Kareena Kapoor,Coming-Of-Age Romance Comedy Hindi,mujhse dosti karoge, Rani Mukherji Hrithik Roshan Kareena Kapoor Coming-Of-Age Romance Comedy Hindi
Abbas Mustan,Vinod Khanna, Abhishek Bachchan, Bipasha Basu,Action Thriller Hindi,players,Vinod Khanna  Abhishek Bachchan Bipasha Basu Action Thriller Hindi
Hriday Shetty,Naseeruddin Shah, Atul Kulkarni, Kay Kay Menon,Comedy Crime Hindi,chaalis chauraasi,Naseeruddin Shah  Atul Kulkarni  Kay Kay Menon Comedy Crime Hindi
Puja Jatinder Bedi,Shiney Ahuja, Sayali Bhagat, Deepraj Rana,Adult Horror Hindi,ghost,Shiney Ahuja Sayali Bhagat Deepraj Rana Adult Horror Hindi
Karan Malhotra,Hrithik Roshan, Sanjay Dutt, Rishi Kapoor,Action Drama Hindi,agneepath,Hrithik Roshan Sanjay Dutt Rishi Kapoor Action Drama Hindi
Rumi Jaffrey,Akshaye Khanna, Shriya Saran, Mugdha Godse,Drama Hindi,gali gali chor hai,Akshaye Khanna Shriya Saran Mugdha Godse Drama Hindi
Shakun Batra,Kareena Kapoor, Imran Khan, Ratna Pathak Shah,Romance Comedy Hindi,ek main aur ekk Tu,Kareena Kapoor Imran Khan Ratna Pathak Shah Romance Comedy Hindi
Gautham Vasudev Menon,Prateik Babbar, Amy Jackson, Manu Rishi,Romance Hindi,ekk deewana tha,Prateik Babbar Amy Jackson  Manu Rishi Romance Hindi
Dilip Shankar,Jackie Shroff, Archana Joglekar, Anjali Malhotra,Drama Hindi,married 2 america,Jackie Shroff Archana Joglekar Anjali Malhotra Drama Hindi
Ashwini Chaudhary,R. Madhavan, Bipasha Basu, Milind Soman,Romance Hindi,jodi breakers,R. Madhavan Bipasha Basu Milind Soman Romance Hindi
Mandeep Kumar,Riteish Deshmukh, Genelia D'Souza, Om Puri,Romance Comedy Hindi,tere naal love ho gaya,Riteish Deshmukh Genelia D'Souza Om Puri Romance Comedy Hindi
Anu Menon,Ali Zafar, Aditi Rao Hydari,Romance Hindi,london paris new york,Ali Zafar Aditi Rao Hydari Romance Hindi
Tigmanshu Dhulia,Irrfan Khan, Mahie Gill, Vipin Sharma,Crime Hindi,paan singh tomar,Irrfan Khan Mahie Gill Vipin Sharma Crime Hindi
Aditya Dutt,Shreyas Talpade, Rajeev Khandelwal, Tripta Parashar,Romance Hindi,will you marry me?,Shreyas Talpade Rajeev Khandelwal Tripta Parashar Romance Hindi
Sujoy Ghosh,Vidya Balan, Parambrata Chatterjee, Nawazuddin Siddiqui,Drama Thriller Hindi,kahaani,Vidya Balan Parambrata Chatterjee Nawazuddin Siddiqui Drama Thriller Hindi
Samir Karnik,Kulraj Randhawa, Tusshar Kapoor, Anupam Kher,Comedy Hindi,chaar din ki chandni,Kulraj Randhawa Tusshar Kapoor Anupam Kher Comedy Hindi	
Ashu Trikha,Mithun Chakraborthy, Ranjeeta Kaur, Ashish Sharma,Romance Hindi,zindagi tere naam,Mithun Chakraborthy Ranjeeta Kaur Ashish Sharma Romance Hindi
Sriram Raghavan,Saif Ali Khan, Kareena Kapoor, Ram Kapoor,Suspense Thriller Hindi,agent vinod,Saif Ali Khan Kareena Kapoor Ram Kapoor Suspense Thriller Hindi
Vishal Mahadkar,Kunal Khemu, Amrita Puri, Manish Chaudhari,Thriller Hindi,blood money,Kunal Khemu Amrita Puri Manish Chaudhari Thriller Hindi
Puri Jagannadh,Ramya Krishnan,Vijay Deverakonda,Ananya Panday,Drama Hindi,liger,Ramya Krishnan Vijay Deverakonda Ananya Panday Drama Hindi
Laxman Utekar,Evelyn Edwards,Kriti Sanon,Sai Tamhankar,Drama Hindi,mimi,Evelyn Edwards Kriti Sanon Sai Tamhankar Drama Hindi
Saumitra Singh,Mahesh Manjrekar,Jagjeet Sandhu,Anangsha Biswas,Thriller	Hindi,taxi no. 24,Mahesh Manjrekar Jagjeet Sandhu Anangsha Biswas Thriller Hindi
Indra Kumar,Rakul Preet Singh,Ajay Devgn,Sidharth Malhotra,Comedy Hindi,thank god,Rakul Preet Singh Ajay Devgn Sidharth Malhotra Comedy Hindi						
Kookie Gulati,Abhishek Bachchan,Nikita Dutta,Ileana D'Cruz,Biography Crime Drama,the big bull,Abhishek Bachchan Nikita Dutta Ileana D'Cruz Biography Crime Drama
Ahmed Khan,Tiger Shroff,Riteish Deshmukh,Shraddha Kapoor,Action Comedy Musical,baaghi 3,Tiger Shroff Riteish Deshmukh Shraddha Kapoor Action Comedy Musical
Rajkumar Santoshi,Namashi Chakraborthy,Amrin Qureshi,Madhu Anand Chandhock,Comedy Romance,bad boy,Namashi Chakraborthy Amrin Qureshi Madhu Anand Chandhock Comedy Romance
Krishna Bhatt,Mohit Sehgal,Priyal Gor,Barkha Bisht,Romance,badnaam,Mohit Sehgal Priyal Gor Barkha Bisht Romance
Anvita Dutt,Tripti Dimri,Avinash Tiwary,Rahul Bose,Drama Horror Mystery,bulbbul,Tripti Dimri Avinash Tiwary Rahul Bose Drama Horror Mystery
Atul Sabharwal,Bobby Deol,Anup Soni,Joy Sengupta,Action Crime Drama,class of '83,Bobby Deol Anup Soni Joy Sengupta Action Crime Drama
David Dhawan,Varun Dhawan,Sara Ali Khan,Paresh Rawal,Action Comedy Romance,coolie no. 1,Varun Dhawan Sara Ali Khan Paresh Rawal Action Comedy Romance
Mukesh Chhabra,Sushant Singh Rajput,Sanjana Sanghi,Sahil Vaid,Comedy Drama Romance,dil bechara,Sushant Singh Rajput Sanjana Sanghi Sahil Vaid Comedy Drama Romance
Puneet Khanna,Yami Gautam,Vikrant Massey,Ayesha Raza,Comedy Drama Romance,ginny weds sunny,Yami Gautam Vikrant Massey Ayesha Raza Comedy Drama Romance
Abir Sengupta,Kiara Advani,Aditya Seal,Mushtaq Khan,Comedy Drama,indoo ki jawani,Kiara Advani Aditya Seal Mushtaq Khan Comedy Drama
Navjot Gulati,Poonam Dhillon,Supriya Pathak,Sunny Singh Nijjar,Comedy Drama Romance,jai mummy di,Poonam Dhillon Supriya Pathak Sunny Singh Nijjar Comedy Drama Romance
Nitin Kakkar,Saif Ali Khan,Alaya F,Tabu,Comedy Drama,jawaani jaaneman,Saif Ali Khan Alaya F Tabu Comedy Drama
R.k. Sharma,Ranbeeir Kalsi,Sharvani Sahay,Elena Tuteja,Comedy Drama,kehta hai yeh dil,Ranbeeir Kalsi Sharvani Sahay Elena Tuteja Comedy Drama
Lawrence Raghavendra,Balakrishnan Thevar,Akshay Kumar,Kiara Advani,Action Comedy Horror,laxmii,Balakrishnan Thevar Akshay Kumar Kiara Advani Action Comedy Horror
Rajesh Krishnan,Kunal Khemu,Rasika Dugal,Vijay Raaz,Comedy Crime,lootcase,Kunal Khemu Rasika Dugal Vijay Raaz Comedy Crime
Imtiaz Ali,Kartik Aaryan,Sara Ali Khan,Randeep Hooda,Drama Romance,love aaj kal,Kartik Aaryan Sara Ali Khan Randeep Hooda Drama Romance
Rupesh Paul,Tanima Bhattacharya,Karan Maan,Ashutosh Singh,Crime,love in a taxi,Tanima Bhattacharya Karan Maan Ashutosh Singh Crime
Anurag Basu,PankajTripathi,Abhishek Bachchan,Rajkummar Rao,Action Comedy Crime,ludo,PankajTripathi Abhishek Bachchan Rajkummar Rao Action Comedy Crime
Ashwini Malik,Prabhat Raghunandan,Swati Sen,Gaurav Sharma,Drama,maali,Prabhat Raghunandan Swati Sen Gaurav Sharma Drama
Jagdish A. Sharma,Hrishitaa Bhatt,Prem Chopra,Kader Khan,Action,main hoon khalnayak,Hrishitaa Bhatt Prem Chopra Kader Khan Action
Prasadh Inamdar,Sudhir Dalvi,Sharib Hashmi,Satish Kaushik,Drama Thriller,mrs & mr khurana,Sudhir Dalvi Sharib Hashmi Satish Kaushik Drama Thriller
Dinkar Kapoor,Krishna Abhishek,Karthik Jayaram,Arjumman Mughal,Comedy Thriller,o pushpa i hate tears,Krishna Abhishek Karthik Jayaram Arjumman Mughal Comedy Thriller
Ranjeet Gupta,Seema Azmi,Shweta Bhardwaj,Zakir Hussain,Comedy Drama,omprakash zindabad,Seema Azmi Shweta Bhardwaj Zakir Hussain Comedy Drama
Supriya Khan,Ismail Umarr Khan,Shweta Khanduri,Mousam Sharma,Comedy Romance,one stop for love,Ismail Umarr Khan Shweta Khanduri Mousam Sharma Comedy Romance
Sanjay Gadhvi,Amit Sadh,Rucha Inamdar,Rahul Dev,Action Drama Thriller,operation parindey,Amit Sadh Rucha Inamdar Rahul Dev Action Drama Thriller
Ramesh Sippy,Hema Malini,Rajkummar Rao,Rakul Preet Singh,Comedy Romance,shimla mirchi,Hema Malini Rajkummar Rao Rakul Preet Singh Comedy Romance
Anubhav Sinha,Taapsee Pannu,Pavail Gulati,Kumud Mishra,Drama,thappad,Taapsee Pannu Pavail Gulati Kumud Mishra Drama
Ajay Lohan,Urvashi Rautela,Gautam Gulati,Rumana Molla,Comedy Drama,virgin bhanupriya,Urvashi Rautela Gautam Gulati Rumana Molla Comedy Drama
Pushkar Mahabal,Kashmira Irani,Swarda Thigle,Shashi Bhushan,Crime Drama Horror,welcome home,Kashmira Irani Swarda Thigle Shashi Bhushan Crime Drama Horror
Mani Shankar,Milind Soman, Dipannita Sharma, Gulshan Grover,Action Hindi,16 december,Milind Soman Dipannita Sharma Gulshan Grover Action Hindi
Guddu Dhanoa,Sunny Deol, Bobby Deol, Divya Dutta,Historical Drama Hindi,shaheed,Sunny Deol Bobby Deol Divya Dutta Historical Drama Hindi
Vikram Bhatt,Hrithik Roshan, Amisha Patel, Ali Asgar,Romance Drama Hindi,aap mujhe achche lagne lage,Hrithik Roshan Amisha Patel Ali Asgar Romance Drama Hindi
Raj Kanwar, Amrita Rao, Arya Babbar, Ashish Vidyarthi,Romance Drama Hindi,ab ke baras, Amrita Rao Arya Babbar Ashish Vidyarthi Romance Drama Hindi
Arjun Sajnani,Amitabh Bachchan, Akkineni Nagarjuna, Jackie Shroff,Historical Hindi,agni varsha,Amitabh Bachchan Akkineni Nagarjuna Jackie Shroff Historical Hindi
Harmesh Malhotra,Govinda, Raveena Tandon, Kader Khan,	Comedy Hindi,akhiyon se goli maare,Govinda Raveena Tandon Kader Khan Comedy Hindi
Ravi Dewan,Sunil Shetty, Sanjay Dutt, Ashutosh Rana,Action Thriller Hindi,annarth,Sunil Shetty Sanjay Dutt Ashutosh Rana Action Thriller Hindi
Vikram Bhatt,Akshay Kumar, Sunil Shetty, Paresh Rawal,Action Comedy Hindi,awara paagal deewana,Akshay Kumar Sunil Shetty Paresh Rawal Action Comedy Hindi
Satish Kaushik,Anil Kapoor, Shilpa Shetty, Kirti Reddy,Comedy Drama Hindi,badhaai ho badhaai,Anil Kapoor Shilpa Shetty Kirti Reddy Comedy Drama Hindi
Aziz Sejawal,Govinda, Rani Mukerji, Sanjay Suri,Comedy Hindi,chalo ishq ladaaye,Govinda Rani Mukerji Sanjay Suri Comedy Hindi
Aziz Sejawal,Bobby Deol, Shilpa Shetty, Bipasha Basu,	Comedy Romance Crime Hindi,chor machaaye shor,Bobby Deol Shilpa Shetty Bipasha Basu Comedy Romance Crime Hindi
Ram Gopal Varma,Mohanlal, Ajay Devgn, Manisha Koirala,Crime Drama Hindi,company,Mohanlal Ajay Devgn Manisha Koirala Crime Drama Hindi
Kundan Shah,Rekha, Preity Zinta, Mahima Chaudhry,Family Romance Drama Hindi,dil hai tumhaara,Rekha Preity Zinta Mahima Chaudhry Family Romance Drama Hindi
Anant Mahadevan,Jimmy Sheirgill, Sanjay Suri, Namrata Shirodkar,Romance Drama Hindi,dil vil pyar vyar,Jimmy Sheirgill Sanjay Suri Namrata Shirodkar Romance Drama Hindi
Meghna Gulzar,Tabu, Sushmita Sen, Sanjay Suri,Drama Hindi,filhaal,Tabu Sushmita Sen Sanjay Suri Drama Hindi
Amol Shetge,Dino Morea, Bipasha Basu, Irrfan Khan,Thriller Romance Hindi,gunaah,Dino Morea Bipasha Basu Irrfan KhanThriller Romance Hindi
Dharmesh Darshan,Akshay Kumar, Karisma Kapoor, Abhishek Bachchan, Drama Romance Hindi,haan maine bhi pyaar kiya,Akshay Kumar Karisma Kapoor Abhishek Bachchan Drama Romance Hindi
Mahesh Manjrekar,Sanjay Dutt, Shilpa Shetty, Namrata Shirodkar,Drama Hindi,hathyar,Sanjay Dutt Shilpa Shetty Namrata Shirodkar Drama Hindi
David Dhawan,Amitabh Bachchan, Ajay Devgn, Sanjay Dutt,Action Comedy Hindi,hum kisise kum nahin,Amitabh Bachchan Ajay Devgn Sanjay Dutt Action Comedy Hindi
Abbas–Mustan,Bobby Deol, Akshaye Khanna, Amisha Patel	Thriller Romance Musical Hindi,humraaz,Bobby Deol Akshaye Khanna Amisha Patel	Thriller Romance Musical Hindi
Rajkumar Kohli,Sunny Deol, Akshay Kumar, Sunil Shetty,Fantasy Hindi,jaani dushman,Sunny Deol Akshay Kumar Sunil Shetty Fantasy Hindi
Satish Kaushik,Tusshar Kapoor, Kareena Kapoor, Mallika Sherawat,Romance Hindi,jeena sirf merre liye,Tusshar Kapoor Kareena Kapoor Mallika Sherawat Romance Hindi
Rahul Dholakia,Jimmy Shergill, Kim Sharma, Paresh Rawal,Romance Hindi,kehtaa hai dil baar baar,Jimmy Shergill Kim Sharma Paresh Rawal Romance Hindi
Mehul Kumar,Fardeen Khan, Amrita Arora, Sonali Kulkarni,Romance Drama Comedy Hindi,kitne door kitne paas,Fardeen Khan Amrita Arora Sonali Kulkarni Romance Drama Comedy Hindi
Boney Kapoor,Jaya Bachchan, Esha Deol, Aftab Shivdasani,Drama Romance Social Hindi,koi mere dil se poochhe,Jaya Bachchan Esha Deol Aftab Shivdasani Drama Romance Social Hindi
K. Ravi Shankar,Fardeen Khan, Richa Pallod,Kadar Khan,Romance Hindi,kuch tum kaho kuch hum kahein,Fardeen Khan Richa Pallod Kadar Khan Romance Hindi
K. Murali Mohan Rao,Amisha Patel, Aftab Shivdasani, Sarfaraz Khan,Romance Hindi,kya yehi pyaar hai,Amisha Patel Aftab Shivdasani Sarfaraz Khan Romance Hindi'
Tinu Verma,Sunny Deol, Tabu, Arbaaz Khan,Drama Hindi,maa tujhhe salaam,Sunny Deol Tabu Arbaaz Khan Drama Hindi
Sohail Khan,Sohail Khan, Sameera Reddy, Eijaz Khan,Action Romance Hindi,maine dil tujhko diya,Sohail Khan Sameera Reddy Eijaz Khan Action Romance Hindi
Partho Ghosh,Sunil Shetty, Namrata Shirodkar, Inder Kumar,Action Hindi,maseeha,Sunil Shetty Namrata Shirodkar Inder Kumar Action Hindi
Sanjay Gadhvi,Uday Chopra, Bipasha Basu, Tulip Joshi,Romance,mere yaar ki shaadi hai,Uday Chopra Bipasha Basu Tulip Joshi Romance
Rishi Talwar,Sanjay Dutt, Shamita Shetty, Chandrachur Singh,Romance Drama Hindi,mohabbat ho gayi hai tumse,Sanjay Dutt Shamita Shetty Chandrachur Singh Romance Drama Hindi
Arjun Sablok,Saif Ali Khan, Hrithik Roshan, Esha Deol,Romance Drama Hindi,na tum jaano na hum,Saif Ali Khan Hrithik Roshan Esha Deol Romance Drama Hindi
Anupam Kher,Waheeda Rehman, Parmeet Sethi, Anil Kapoor, Family Drama Social Hindi,om jai jagadish,Waheeda Rehman Parmeet Sethi Anil Kapoor Family Drama Social Hindi
Mahesh Manjrekar,Sanjay Dutt, Nandita Das, Jackie Shroff, Action Drama Hindi,pitaah,Sanjay Dutt Nandita Das Jackie Shroff Action Drama Hindi
Kirti Kumar,Govinda, Rani Mukerji, Deepak Tijori,Romance Hindi,pyaar diwana hota hai,Govinda Rani Mukerji Deepak Tijori Romance Hindi
Indra Kumar	,Anil Kapoor, Karisma Kapoor, Shilpa Shetty,Drama Family,rishtey,Anil Kapoor Karisma Kapoor Shilpa Shetty Drama Family Hindi
Rajat Mukherjee,Vivek Oberoi, Antara Mali, Manoj Bajpai,Thriller Hindi,road,Vivek Oberoi Antara Mali Manoj Bajpai Thriller Hindi
Shaad Ali,Vivek Oberoi, Rani Mukerji, Shah Rukh Khan, Drama Romance Social Musical Hindi,Saathiya,Vivek Oberoi Rani Mukerji Shah Rukh Khan Drama Romance Social Musical Hindi
Boney Kapoor,Karisma Kapoor, Nana Patekar, Sanjay Kapoor,Drama Hindi,shakti,Karisma Kapoor Nana Patekar Sanjay Kapoor Drama Hindi
Gurudev Bhalla,Abhishek Bachchan, Hrishita Bhatt, Mohnish Bahl,Comedy Drama Hindi,shararat,Abhishek Bachchan Hrishita Bhatt Mohnish Bahl Comedy Drama Hindi
Sushen Bhatnagar,Sanjay Kapoor, Arbaaz Khan, Raveena Tandon	,Thriller Mystery Hindi,soch,Sanjay Kapoor Arbaaz Khan Raveena Tandon	Thriller Mystery Hindi
Rajkumar Santoshi,Ajay Devgn, Amrita Rao, Sushant Singh,Historical Drama Hindi,the legend of bhagat singh,Ajay Devgn Amrita Rao Sushant Singh Historical Drama Hindi
Pankaj Parashar,Salman Khan, Dia Mirza, Sushmita Sen,Drama Action Hindi,tumko na bhool paayenge,Salman Khan Dia Mirza Sushmita Sen Drama Action Hindi
Deepak Anand,Nakul Kapoor, Rati Agnihotri, Kim Sharma,Romance Drama Hindi,tum se achcha kaun hai,Nakul Kapoor Rati Agnihotri Kim Sharma Romance Drama Hindi
Manoj Agrawal,Govinda, Raveena Tandon, Preeti Jhangiani,Comedy Hindi,waah tera kya kehna,Govinda Raveena Tandon Preeti Jhangiani Comedy Hindi
David Dhawan,Rishi Kapoor, Salman Khan, Amisha Patel,Comedy Hindi,yeh hai jalwa,Rishi Kapoor Salman Khan Amisha Patel Comedy Hindi
Manmohan Desai,Amitabh Bachchan,Rishi Kapoor,Rati Agnihotri, Action Comedy Hindi ,coolie,Amitabh Bachchan Rishi Kapoor Rati Agnihotri Action Comedy Hindi
Mukul S. Anand,Amitabh Bachchan,Mithun Chakraborty,Madhavi,Action Crime Hindi,agneepath,Amitabh Bachchan Mithun Chakraborty Madhavi Action Crime Hindi
Manmohan Desai,Amitabh Bachchan,Amrita Singh,Nirupa Roy,Action Hindi,mard,Amitabh Bachchan Amrita Singh Nirupa Roy Action Hindi
Om Raut,Ajay Devgn,Saif Ali Khan,Sharad Kelkar,Action Biography Drama,tanhaji: the unsung warrior,Ajay Devgn Saif Ali Khan Sharad Kelkar Action Biography Drama
Sujoy Ghosh,Amitabh Bachchan,Taapsee Pannu,Amrita Singh,Crime Drama Mystery,badla,Amitabh Bachchan Taapsee Pannu Amrita Singh Crime Drama Mystery 
Amar Kaushik,Ayushmann Khurrana,Bhumi Pednekar,Yami Gautam,Comedy,bala,Ayushmann Khurrana Bhumi Pednekar Yami Gautam Comedy
Ali Abbas Zafar,Salman Khan,Katrina Kaif,Sunil Grover,Action Comedy Drama,bharat,Salman Khan Katrina Kaif Sunil Grover Action Comedy Drama				
Manoj Sharma,Krishna Abhishek,Mithun Chakraborty,Tanaji Galgunde,Comedy Horror,bhootiyapa,Krishna Abhishek Mithun Chakraborty Tanaji Galgunde Comedy Horror
Nitesh Tiwari,Sushant Singh Rajput,Shraddha Kapoor,Varun Sharma,Comedy Drama,chhichhore,Sushant Singh Rajput Shraddha Kapoor Varun Sharma Comedy Drama
Aditya Datt,Vidyut Jammwal,Adah Sharma,Gulshan Devaiah,Action Adventure Thriller,commando 3,Vidyut Jammwal Adah Sharma Gulshan Devaiah Action Adventure Thriller
Prabhu Deva,Salman Khan,Sudeep,Sonakshi Sinha,Action Comedy Crime,dabangg 3,Salman Khan Sudeep Sonakshi Sinha Action Comedy Crime
Raaj Shaandilyaa,Ayushmann Khurrana,Nushrat Bharucha,Annu Kapoor,Comedy Romance,dream girl,Ayushmann Khurrana Nushrat Bharucha Annu Kapoor Comedy Romance	  
Manoj Sharma,Mithun Chakraborty,Brijendra Kala,Manoj Pahwa,Horror,flat no. 420,Mithun Chakraborty Brijendra Kala Manoj Pahwa Horror
Zoya Akhtar,Vijay Varma	Nakul,Roshan Sahdev,Ranveer Singh,Drama Music Romance,gully boy,Vijay Varma	Nakul Roshan Sahdev Ranveer Singh Drama Music Romance
Farhad Samji,Akshay Kumar,Sam Nagar,Riteish Deshmukh,Action Comedy Drama,housefull 4,Akshay Kumar Sam Nagar Riteish Deshmukh Action Comedy Drama
Abhishek Dixit,Prit Kamani,Simran Sharma,Anshuman Malhotra,Drama,hum chaar,Prit Kamani Simran Sharma Anshuman Malhotra Drama
Lalit Mohan,Karanvir Bohra,Priya Banerjee,Mahesh Balraj,Action Drama Romance,hume tumse pyaar kitna,Karanvir Bohra Priya Banerjee Mahesh Balraj Action Drama Romance 
Prashant Singh,Sidharth Malhotra,Parineeti Chopra,Javed Jaffrey,Action Comedy Drama,jabariya jodi,Sidharth Malhotra Parineeti Chopra Javed Jaffrey Action Comedy Drama
Sandeep Reddy Vanga,Shahid Kapoor,Kiara Advani,Nikita Dutta,Action Drama Romance,kabir singh,Shahid Kapoor Kiara Advani Nikita Dutta Action Drama Romance
Abhishek Varman,Varun Dhawan,Alia Bhatt,Madhuri Dixit,Drama Romance,kalank,Varun Dhawan Alia Bhatt Madhuri Dixit Drama Romance
Laxman Utekar,Kartik Aaryan,Kriti Sanon,Aparshakti Khurana,Comedy Romance,luka chuppi,Kartik Aaryan Kriti Sanon Aparshakti Khurana Comedy Romance 
Gopi Puthran,Sunny Hinduja,Rani Mukerji,Rajesh Sharma,Action Crime Drama,mardaani 2,Sunny Hinduja Rani Mukerji Rajesh Sharma Action Crime Drama
Milap Zaveri,Riteish Deshmukh,Sidharth Malhotra,Tara Sutaria,Action Drama Romance,marjaavaan,Riteish Deshmukh Sidharth Malhotra Tara Sutaria Action Drama Romance	  
Jagan Shakti,Akshay Kumar,Vidya Balan,Taapsee Pannu,Drama History,mission mangal,Akshay Kumar Vidya Balan Taapsee Pannu Drama History
Anees Bazmee,Anil Kapoor,John Abraham,Ileana D'Cruz,Action Comedy,pagalpanti,Anil Kapoor John Abraham Ileana D'Cruz Action Comedy
Ashutosh Gowariker,Arjun Kapoor,Sanjay Dutt,Kriti Sanon,Action Drama History,panipat,Arjun Kapoor Sanjay Dutt Kriti Sanon Action Drama History				
Mudassar Aziz,Kartik Aaryan,Bhumi Pednekar,Ananya Panday,Comedy Romance,pati patni aur woh,Kartik Aaryan Bhumi Pednekar Ananya Panday Comedy Romance
Ajay Bahl,Akshaye Khanna,Richa Chadha,Rahul Bhatt,Crime Drama Mystery,section 375,Akshaye Khanna Richa Chadha Rahul Bhatt Crime Drama Mystery  
Abhishek Chaubey,Sushant Singh Rajput,Bhumi Pednekar,Ashutosh Rana,Action Crime Drama,sonchiriya,Sushant Singh Rajput Bhumi Pednekar Ashutosh Rana Action Crime Drama  
Abhishek Sharma,Sonam Kapoor,Dulquer Salmaan,Sanjay Kapoor,Comedy Drama Romance,the zoya factor,Sonam Kapoor Dulquer Salmaan Sanjay Kapoor Comedy Drama Romance
Indra Kumar,Ajay Devgn,Anil Kapoor,Madhuri Dixit,Action Adventure Comedy,total dhamaal,Ajay Devgn Anil Kapoor Madhuri Dixit Action Adventure Comedy 